segment,local_ha,acc_ha,successor,cells,components,dist_med_m,dist_p95_m,dist_max_m,climb_mean_m,climb_p50_m,climb_p95_m,climb_max_m,frac_gt_0p1,frac_gt_0p5,frac_gt_1,frac_gt_2,nome_rio,nova_class,obs,st_length_,flag_pixels_gt1,flag_pixels_gt2,flag_max_climb_m,uncertainty_flag
84,0.02,525.9,26456.0,2,1,3.648402374614747,5.932816136561509,6.186639887888927,0.0,0.0,0.0,0.0,0.0,0.0,0.0,0.0,Rio Guaxanduva,Corpo d'Água (Tubulado/Galeria Fechada/via),Trecho largura acima de 10 metros. Em via pública,17.628256934,0,0,0.0,
392,6.1000000000000005,544.26,,610,1,121.13434643948555,321.2762814379639,367.3419597637768,4.57842765589718e-05,0.0,0.0,0.0279284087009727,0.0,0.0,0.0,0.0,Rio Guaxanduva,Corpo d'Água,Trecho largura acima de 10 metros,128.992645542,0,0,0.0,
1086,3.06,6.49,1188.0,306,1,34.651253242301955,72.38764258006604,96.57159748968542,0.0,0.0,0.0,0.0,0.0,0.0,0.0,0.0,,Corpo d'Água (Tubulado/Galeria Fechada/via),,233.625799191,0,0,0.0,
1105,0.32,181.44,23176.0,32,1,114.3288887867794,206.04656078332707,216.8175015130552,0.0,0.0,0.0,0.0,0.0,0.0,0.0,0.0,,Corpo d'Água (Tubulado/Galeria Fechada),,5.7724770845,0,0,0.0,
1134,0.39,66.35000000000001,17932.0,39,1,36.35426303954716,127.68761666168776,146.5108952985705,0.0,0.0,0.0,0.0,0.0,0.0,0.0,0.0,,Corpo d'Água (Tubulado/Galeria Fechada),,44.0146311526,0,0,0.0,
1175,1.72,6.609999999999999,27462.0,172,1,83.75216268084108,151.66942846015866,163.00917097866048,0.0,0.0,0.0,0.0,0.0,0.0,0.0,0.0,,Corpo d'Água (Tubulado/Galeria Fechada),,63.8986577026,0,0,0.0,
1188,0.26,6.75,11415.0,26,1,17.151092849349958,43.679861099574,53.05997190083333,0.0,0.0,0.0,0.0,0.0,0.0,0.0,0.0,,Corpo d'Água (Tubulado/Galeria Fechada),,38.9035578118,0,0,0.0,
1237,0.0,2.45,25111.0,0,0,,,,,,,,,,,,,Curso d'Água,,5.95029700285,0,0,0.0,
3420,3.82,298.31,21267.0,382,1,392.2930018331689,708.0523740863385,765.2850109434027,0.0,0.0,0.0,0.0,0.0,0.0,0.0,0.0,Rio Guaxanduva,Corpo d'Água (Tubulado/Galeria Fechada/via),,13.4858235629,0,0,0.0,
3767,3.54,3.54,17310.0,354,1,90.57966930832984,205.11590578336703,232.9980088935976,0.0,0.0,0.0,0.0,0.0,0.0,0.0,0.0,,Curso d'Água,,38.3757837288,0,0,0.0,
4000,0.04,19.840000000000003,17994.0,4,1,4.117497048455849,5.310536086283056,5.351272116238172,0.0,0.0,0.0,0.0,0.0,0.0,0.0,0.0,,Corpo d'Água (Tubulado/Galeria Fechada),,30.2754097979,0,0,0.0,
4114,2.04,9.5,29946.0,204,1,95.26325509567974,191.45846491901852,205.1281590873443,0.0,0.0,0.0,0.0,0.0,0.0,0.0,0.0,,Corpo d'Água (Tubulado/Galeria Fechada),,60.9112820028,0,0,0.0,
4306,0.16,24.97,29319.0,16,1,36.0836864274645,99.01585522192885,109.23641816863636,0.0,0.0,0.0,0.0,0.0,0.0,0.0,0.0,,Corpo d'Água (Tubulado/Galeria Fechada),,3.9522855977,0,0,0.0,
4669,0.42,2.0,12381.0,42,1,42.92746081540541,77.1714544704523,82.67846178538089,0.0270051956176757,0.0,0.0,1.1342182159423828,0.0238095238095238,0.0238095238095238,0.0238095238095238,0.0,,Corpo d'Água,Vistoriado por LF e AG - 19/02/19,5.99713466674,1,0,1.1342182159423828,microanomalia localizada; trecho vistoriado
4754,0.08,6.18,8161.0,8,1,7.438556653507711,24.84680342736603,29.78948928651176,0.0,0.0,0.0,0.0,0.0,0.0,0.0,0.0,,Corpo d'Água (Tubulado/Galeria Fechada),,30.0338660963,0,0,0.0,
5103,0.75,4.119999999999999,25022.0,75,1,34.471067442595164,81.28435226690392,102.40722741471902,0.0,0.0,0.0,0.0,0.0,0.0,0.0,0.0,,Corpo d'Água (Tubulado/Galeria Fechada),Vistoriado por LF e AG - 19/02/19,74.7066612312,0,0,0.0,
5437,3.36,3.36,21018.0,336,1,53.71847017678621,153.1332244076517,194.5551880662916,0.0,0.0,0.0,0.0,0.0,0.0,0.0,0.0,,Curso d'Água,,147.041092732,0,0,0.0,
5859,7.11,7.11,19026.0,711,1,53.80672217813356,143.24020739020557,202.558809612279,0.0055840085830366,0.0,0.0,2.390167236328125,0.0042194092827004,0.0042194092827004,0.0014064697609001,0.0014064697609001,,Curso d'Água,,319.506475303,1,1,2.390167236328125,microdepressão localizada de cabeceira; causa não determinada
6411,0.06,3.04,13991.0,6,1,6.356146162613568,19.02454830774584,20.99443737029616,0.0,0.0,0.0,0.0,0.0,0.0,0.0,0.0,,Corpo d'Água (Tubulado/Galeria Fechada/via),Confirmado em vistoria por AG e LF - 19/02/19,36.8741577288,0,0,0.0,
6574,0.01,426.0999999999999,18508.0,1,1,2.486179463419315,2.486179463419315,2.486179463419315,0.0,0.0,0.0,0.0,0.0,0.0,0.0,0.0,Rio Guaxanduva,Corpo d'Água (Tubulado/Galeria Fechada/via),,8.45984880495,0,0,0.0,
6805,4.08,453.5799999999999,29008.0,408,1,254.8888757187576,494.3647662738946,554.7144483000245,0.0,0.0,0.0,0.0,0.0,0.0,0.0,0.0,Rio Guaxanduva,Corpo d'Água,Trecho largura acima de 10 metros,52.667859845,0,0,0.0,
6830,0.11,2.85,13413.0,11,1,19.129474489073846,33.33115073243074,37.81593610886927,0.0,0.0,0.0,0.0,0.0,0.0,0.0,0.0,,Corpo d'Água (Tubulado/Galeria Fechada),Confirmado em vistoria por AG e LF - 19/02/19,16.2851483033,0,0,0.0,
6908,0.87,332.42999999999995,27110.0,87,1,37.32223730582022,88.88634270568379,105.78794006376536,0.0,0.0,0.0,0.0,0.0,0.0,0.0,0.0,Rio Guaxanduva,Corpo d'Água,,71.3318443292,0,0,0.0,
7125,0.46,0.46,19026.0,46,1,29.572362603465304,74.50052655757496,88.80628429276359,0.0,0.0,0.0,0.0,0.0,0.0,0.0,0.0,,Curso d'Água,,34.9216672317,0,0,0.0,
7309,2.12,2.12,29298.0,212,1,31.16227718202316,92.16124851032632,111.27819701920234,0.0,0.0,0.0,0.0,0.0,0.0,0.0,0.0,,Curso d'Água,Este trecho necessita confirmação em campo,196.596112815,0,0,0.0,
7561,22.37,449.5,6805.0,2237,1,209.6139953903908,412.7052402177287,489.9230175642239,0.0264418534418275,0.0,0.2086721420288081,0.9619786739349364,0.0639248994188645,0.0192221725525257,0.0,0.0,Rio Guaxanduva,Corpo d'Água,Trecho largura acima de 10 metros.  Art. 9º LC601/2022,240.030983057,0,0,0.0,
8161,0.77,6.949999999999999,13777.0,77,1,45.94257903686687,145.4937845486795,157.59046471373512,0.0,0.0,0.0,0.0,0.0,0.0,0.0,0.0,,Corpo d'Água (Tubulado/Galeria Fechada/via),,49.0837074566,0,0,0.0,
8211,3.29,13.41,9274.0,329,1,99.78494353922628,268.28888331979607,293.4392786830476,0.0,0.0,0.0,0.0,0.0,0.0,0.0,0.0,,Corpo d'Água (Tubulado/Galeria Fechada),,90.8466146299,0,0,0.0,
8272,0.74,427.13,7561.0,74,1,38.08469523478075,113.98204292268794,118.62502013771888,0.0,0.0,0.0,0.0,0.0,0.0,0.0,0.0,Rio Guaxanduva,Corpo d'Água,Trecho largura acima de 10 metros,63.3249531032,0,0,0.0,
9236,1.44,206.18,11244.0,144,1,186.84570397285063,521.8615852959018,570.336279614639,0.0003508792983161,0.0,0.0,0.0505266189575195,0.0,0.0,0.0,0.0,Rio Guaxanduva,Corpo d'Água (Tubulado/Galeria Fechada),,28.0194445389,0,0,0.0,
9274,10.0,23.41,21536.0,1000,1,379.2707462941342,572.2442948097819,605.8210164646538,0.0,0.0,0.0,0.0,0.0,0.0,0.0,0.0,,Corpo d'Água (Tubulado/Galeria Fechada/via),,120.353117354,0,0,0.0,
9622,0.21,23.51,27519.0,21,1,32.10704470062713,51.622846874322974,60.669013651625015,0.0,0.0,0.0,0.0,0.0,0.0,0.0,0.0,,Corpo d'Água,,12.680358331,0,0,0.0,
10138,0.02,9.1,18684.0,2,1,4.359623081389613,7.255571000621293,7.577342991647035,0.0,0.0,0.0,0.0,0.0,0.0,0.0,0.0,,Curso d'Água,,14.8344795265,0,0,0.0,
10585,0.0,9.19,22443.0,0,0,,,,,,,,,,,,,Corpo d'Água,,0.217248475228,0,0,0.0,
10648,1.25,352.86999999999995,12812.0,125,1,67.25098891025775,178.6051700206096,223.8396577324594,0.0,0.0,0.0,0.0,0.0,0.0,0.0,0.0,Rio Guaxanduva,Corpo d'Água,,73.1850838069,0,0,0.0,
11141,0.16,9.38,27249.0,16,1,17.64137637937955,50.94283517607585,56.25783375746853,0.0,0.0,0.0,0.0,0.0,0.0,0.0,0.0,,Corpo d'Água (Tubulado/Galeria Fechada),Caracterizado em vistoria por AG e LF após inúmeras entrevistas com moradores - 19/02/19,23.9050802271,0,0,0.0,
11244,5.69,211.87,31761.0,569,1,297.026754496012,535.1960603520473,565.6207023142202,0.0,0.0,0.0,0.0,0.0,0.0,0.0,0.0,Rio Guaxanduva,Corpo d'Água (Canal/Galeria Aberta),,16.9691579894,0,0,0.0,
11404,8.13,313.96,31571.0,813,1,334.6592213043895,593.0350245579847,679.6224817454606,0.0779433995302019,0.0,0.509884738922119,0.8936219215393066,0.2004920049200492,0.054120541205412,0.0,0.0,Rio Guaxanduva,Corpo d'Água,Art. 9º LC 601/2022,53.8691017612,0,0,0.0,
11415,1.06,40.59,1134.0,106,1,35.91917458289296,116.67053571673866,143.27068874371247,0.0,0.0,0.0,0.0,0.0,0.0,0.0,0.0,,Corpo d'Água (Tubulado/Galeria Fechada),,93.3217437127,0,0,0.0,
11513,2.51,361.3399999999999,22148.0,251,1,100.22778139146963,200.6553259049924,287.4722794776585,0.0,0.0,0.0,0.0,0.0,0.0,0.0,0.0,Rio Guaxanduva,Corpo d'Água,,107.932067266,0,0,0.0,
11858,0.17,10.12,8211.0,17,1,54.48981623894882,126.36090717955304,134.35500762426307,0.0,0.0,0.0,0.0,0.0,0.0,0.0,0.0,,Corpo d'Água (Tubulado/Galeria Fechada),,0.230675898563,0,0,0.0,
12182,0.98,71.85000000000001,20915.0,98,1,43.170796372847946,97.69111375145654,130.22454051819847,0.0,0.0,0.0,0.0,0.0,0.0,0.0,0.0,,Corpo d'Água (Tubulado/Galeria Fechada/via),,60.3795889596,0,0,0.0,
12240,0.0,7.43,31166.0,0,0,,,,,,,,,,,,,Corpo d'Água (Tubulado/Galeria Fechada),,2.77955283644,0,0,0.0,
12324,2.45,2.45,1237.0,245,1,77.39295587491704,178.91985839274818,210.767340020296,0.0,0.0,0.0,0.0,0.0,0.0,0.0,0.0,,Curso d'Água,,59.995768842,0,0,0.0,
12381,0.01,2.01,21151.0,1,1,0.9960033664989032,0.9960033664989032,0.9960033664989032,0.0,0.0,0.0,0.0,0.0,0.0,0.0,0.0,,Corpo d'Água,Vistoriado por LF e AG - 19/02/19,14.1170317613,0,0,0.0,
12756,4.2,4.2,32683.0,420,1,62.904496014061465,141.09197568238682,168.1228494473774,0.0005845932733444,0.0,0.0,0.2455291748046875,0.0023809523809523,0.0,0.0,0.0,,Curso d'Água,,162.343275717,0,0,0.0,
12812,5.96,358.8299999999999,11513.0,596,1,415.94355302816064,610.829536642914,647.9166081255134,0.0,0.0,0.0,0.0,0.0,0.0,0.0,0.0,Rio Guaxanduva,Corpo d'Água (Tubulado/Galeria Fechada/via),,6.15683527949,0,0,0.0,
13413,0.13,2.98,6411.0,13,1,11.832088283016056,19.583382937019863,19.627766789602656,0.0,0.0,0.0,0.0,0.0,0.0,0.0,0.0,,Corpo d'Água (Tubulado/Galeria Fechada/via),Confirmado em vistoria por AG e LF - 19/02/19,27.9831587918,0,0,0.0,
13515,0.0,6.1,4754.0,0,0,,,,,,,,,,,,,Corpo d'Água (Tubulado/Galeria Fechada),,1.47352171716,0,0,0.0,
13777,0.48,7.43,12240.0,48,1,72.98266078289794,136.4675217540731,146.94196962659294,0.0,0.0,0.0,0.0,0.0,0.0,0.0,0.0,,Corpo d'Água (Tubulado/Galeria Fechada),,26.2300936032,0,0,0.0,
13836,1.03,115.23,26069.0,103,1,38.76640324066336,89.77253448073706,118.2368157736934,0.0,0.0,0.0,0.0,0.0,0.0,0.0,0.0,,Corpo d'Água,,74.3382925323,0,0,0.0,
13840,18.83,244.03,32966.0,1883,1,242.94815137030656,555.9055600959827,659.241297443055,2.9359798259198256e-06,0.0,0.0,0.005528450012207,0.0,0.0,0.0,0.0,Rio Guaxanduva,Corpo d'Água (Canal/Galeria Aberta),,146.529020029,0,0,0.0,
13991,1.73,7.600000000000001,27249.0,173,1,39.37067090765999,111.06611013513565,134.50882149653336,0.0,0.0,0.0,0.0,0.0,0.0,0.0,0.0,,Corpo d'Água (Tubulado/Galeria Fechada/via),,230.521078839,0,0,0.0,
14388,0.0,2.4,32098.0,0,0,,,,,,,,,,,,,Corpo d'Água,,1.47456142664,0,0,0.0,
14467,0.03,204.63,19973.0,3,1,13.051514957991898,17.659467579957205,18.17146231573113,0.0,0.0,0.0,0.0,0.0,0.0,0.0,0.0,Rio Guaxanduva,Corpo d'Água (Tubulado/Galeria Fechada),,5.47276619328,0,0,0.0,
15612,0.17,76.82000000000001,21536.0,17,1,31.95712991573252,74.64753828654884,82.56023395203509,0.0,0.0,0.0,0.0,0.0,0.0,0.0,0.0,,Corpo d'Água (Tubulado/Galeria Fechada/via),,20.870618607,0,0,0.0,
15852,0.0,14.310000000000002,16050.0,0,0,,,,,,,,,,,,,Corpo d'Água,,0.178266542241,0,0,0.0,
16050,0.22,14.530000000000005,31166.0,22,1,17.571538010390213,40.6602286069759,45.55211138773935,0.0,0.0,0.0,0.0,0.0,0.0,0.0,0.0,,Corpo d'Água,,34.9857310663,0,0,0.0,
17252,0.59,19.800000000000004,4000.0,59,1,21.03540271991925,82.87284211640198,123.00681396967973,0.0,0.0,0.0,0.0,0.0,0.0,0.0,0.0,,Corpo d'Água (Tubulado/Galeria Fechada/via),,76.9573472467,0,0,0.0,
17310,0.44,3.98,27169.0,44,1,73.32517580272437,131.70634146335686,144.22100317391528,0.0,0.0,0.0,0.0,0.0,0.0,0.0,0.0,,Curso d'Água,,8.90387052313,0,0,0.0,
17361,0.21,9.080000000000002,10138.0,21,1,16.99777663095653,33.94358775285594,37.14474561489161,0.0,0.0,0.0,0.0,0.0,0.0,0.0,0.0,,Curso d'Água,,22.5280631369,0,0,0.0,
17932,4.44,70.79,19822.0,444,1,69.68851167743232,160.64019281968032,198.8426303264471,0.0,0.0,0.0,0.0,0.0,0.0,0.0,0.0,,Corpo d'Água,,186.125209495,0,0,0.0,
17994,1.23,32.78,11415.0,123,1,103.48743005112148,180.3271726005036,192.50803212966449,0.0,0.0,0.0,0.0,0.0,0.0,0.0,0.0,,Corpo d'Água (Tubulado/Galeria Fechada),,37.608807703,0,0,0.0,
18026,0.63,116.85,22392.0,63,1,60.17232302822691,180.7943776066653,199.15764995408563,0.0,0.0,0.0,0.0,0.0,0.0,0.0,0.0,,Corpo d'Água (Tubulado/Galeria Fechada/via),,24.7830633528,0,0,0.0,
18508,0.29,426.38999999999993,8272.0,29,1,56.61929221391524,98.81127815466668,100.89222096276046,0.0,0.0,0.0,0.0,0.0,0.0,0.0,0.0,Rio Guaxanduva,Corpo d'Água (Tubulado/Galeria Fechada/via),Trecho largura acima de 10 metros,0.71470184715,0,0,0.0,
18684,0.09,9.19,10585.0,9,1,15.572762828594936,38.19810443450715,41.58160256384624,0.0,0.0,0.0,0.0,0.0,0.0,0.0,0.0,,Curso d'Água,,11.3763857233,0,0,0.0,
19026,0.97,8.540000000000001,32683.0,97,1,21.835903117633475,57.70202625963703,71.66149446463349,0.0,0.0,0.0,0.0,0.0,0.0,0.0,0.0,,Curso d'Água,,131.401682434,0,0,0.0,
19061,0.14,2.26,23296.0,14,1,16.584946368674366,43.72765967135295,49.23041440461865,0.0,0.0,0.0,0.0,0.0,0.0,0.0,0.0,,Corpo d'Água,Este trecho necessita confirmação em campo,24.6427666907,0,0,0.0,
19822,0.08,70.87,12182.0,8,1,21.303938636328915,43.05210477511173,45.15062317585205,0.0,0.0,0.0,0.0,0.0,0.0,0.0,0.0,,Corpo d'Água (Tubulado/Galeria Fechada),,9.67615212782,0,0,0.0,
19973,0.11,204.74,9236.0,11,1,38.73489968624958,70.31272307067067,73.7567654775727,0.0,0.0,0.0,0.0,0.0,0.0,0.0,0.0,Rio Guaxanduva,Corpo d'Água (Tubulado/Galeria Fechada/via),,12.2190598335,0,0,0.0,
20720,3.34,331.55999999999995,6908.0,334,1,135.40728046092738,222.3789201461827,262.2796810877376,0.0,0.0,0.0,0.0,0.0,0.0,0.0,0.0,Rio Guaxanduva,Corpo d'Água (Tubulado/Galeria Fechada/via),,13.1373607437,0,0,0.0,
20915,4.8,76.65,15612.0,480,1,166.58980562919237,344.7154239079064,421.3531545334188,0.0,0.0,0.0,0.0,0.0,0.0,0.0,0.0,,Corpo d'Água (Tubulado/Galeria Fechada),,89.2834387438,0,0,0.0,
21018,0.03,3.39,25111.0,3,1,15.253120429883191,24.08294053331591,25.064031655919543,0.0,0.0,0.0,0.0,0.0,0.0,0.0,0.0,,Curso d'Água,,7.80386730465,0,0,0.0,
21151,1.31,3.32,27929.0,131,1,68.06043704395104,121.21625017154508,136.9766284216133,0.0,0.0,0.0,0.0,0.0,0.0,0.0,0.0,,Corpo d'Água,Vistoriado por LF e AG - 19/02/19,39.536696635,0,0,0.0,
21267,7.07,305.38,30588.0,707,1,187.3076612824071,433.9414434410888,487.2585097152679,0.0455634691759079,0.0,0.3955631732940641,0.979794979095459,0.1074964639321075,0.0367751060820367,0.0,0.0,Rio Guaxanduva,Corpo d'Água,,98.1718236855,0,0,0.0,
21536,0.03,100.26,24168.0,3,1,9.992208473306771,18.003653650436334,18.893814225672955,0.0,0.0,0.0,0.0,0.0,0.0,0.0,0.0,,Corpo d'Água (Tubulado/Galeria Fechada),,9.39045442253,0,0,0.0,
22148,0.03,361.3699999999999,26421.0,3,1,10.70699379196273,19.33665815539496,20.295509751331878,0.0,0.0,0.0,0.0,0.0,0.0,0.0,0.0,Rio Guaxanduva,Corpo d'Água (Tubulado/Galeria Fechada/via),,12.4872169394,0,0,0.0,
22275,0.45,3.43,1086.0,45,1,35.5082723209454,79.99186428058765,94.37880395308557,0.0,0.0,0.0,0.0,0.0,0.0,0.0,0.0,,Corpo d'Água (Tubulado/Galeria Fechada),,32.920647294,0,0,0.0,
22392,2.06,118.91,29465.0,206,1,66.93702082640391,206.334501285968,256.0911060118748,0.0,0.0,0.0,0.0,0.0,0.0,0.0,0.0,,Corpo d'Água,,98.1316517428,0,0,0.0,
22443,0.03,9.22,11141.0,3,1,7.1894056298964095,16.171066571168,17.169028897975956,0.0,0.0,0.0,0.0,0.0,0.0,0.0,0.0,,Corpo d'Água (Tubulado/Galeria Fechada),Caracterizado em vistoria por AG e LF após inúmeras entrevistas com moradores - 19/02/19,13.2812429781,0,0,0.0,
23176,23.16,204.6,14467.0,2316,1,367.5847312261401,565.0019415196925,657.0491497876269,0.0146628192051704,0.0,0.0,1.7549152374267578,0.0224525043177892,0.0120898100172711,0.0047495682210708,0.0,Rio Guaxanduva,Corpo d'Água (Canal/Galeria Aberta),,158.708276085,11,0,1.7549152374267578,anomalia topográfica localizada em ambiente urbano; causa não determinada
23296,0.55,2.8100000000000005,31634.0,55,1,59.48599687052621,114.36286561062408,123.30650357409684,0.0,0.0,0.0,0.0,0.0,0.0,0.0,0.0,,Corpo d'Água (Tubulado/Galeria Fechada),Este trecho necessita confirmação em campo,24.6102417817,0,0,0.0,
24168,12.28,112.54,32075.0,1228,1,478.2633153375464,648.5959454785493,676.0621649312276,0.0,0.0,0.0,0.0,0.0,0.0,0.0,0.0,,Corpo d'Água,,79.2620706599,0,0,0.0,
25022,7.59,11.71,17994.0,759,1,91.85955557222368,199.6381125556584,230.8919178981464,0.0270275322030812,0.0,0.2016819000244143,0.93212890625,0.064558629776021,0.0223978919631093,0.0,0.0,,Corpo d'Água (Tubulado/Galeria Fechada),,292.093860074,0,0,0.0,
25111,0.26,6.1,13515.0,26,1,57.37958453723673,112.941737087537,127.90525309390532,0.0,0.0,0.0,0.0,0.0,0.0,0.0,0.0,,Curso d'Água,,6.71743894329,0,0,0.0,
25198,54.13,525.88,84.0,5413,1,318.5773251491872,571.9473429473346,737.7849199759612,8.566930556988817e-05,0.0,0.0,0.0276895761489868,0.0,0.0,0.0,0.0,Rio Guaxanduva,Corpo d'Água,Trecho largura acima de 10 metros,312.21612559,0,0,0.0,
25556,3.35,220.42,33277.0,335,1,94.6289420796172,295.07978852221817,352.43780534448297,0.0,0.0,0.0,0.0,0.0,0.0,0.0,0.0,Rio Guaxanduva,Corpo d'Água,,98.3495023949,0,0,0.0,
26069,0.99,116.22,18026.0,99,1,41.62421907074302,100.89473893603784,133.39030706951175,0.0,0.0,0.0,0.0,0.0,0.0,0.0,0.0,,Corpo d'Água (Tubulado/Galeria Fechada/via),,68.6952854064,0,0,0.0,
26421,64.72,426.0899999999999,6574.0,6472,1,372.7298091006969,858.8786908161719,998.0481790233458,0.0143644882847263,0.0,0.0,1.6605641841888428,0.0261124845488257,0.013442521631644,0.0015451174289245,0.0,Rio Guaxanduva,Corpo d'Água,,479.973929273,10,0,1.6605641841888428,anomalia topográfica localizada em ambiente urbano; causa não determinada
26456,12.26,538.16,392.0,1226,1,118.59948234424256,505.74722450661847,653.0645150747143,0.0,0.0,0.0,0.0,0.0,0.0,0.0,0.0,Rio Guaxanduva,Corpo d'Água,Trecho largura acima de 10 metros,252.114203704,0,0,0.0,
27110,19.19,351.61999999999995,10648.0,1919,1,495.2369615174212,673.4261312652832,750.2118157385383,0.0002508980958271,0.0,0.0,0.0326485633850097,0.0,0.0,0.0,0.0,Rio Guaxanduva,Corpo d'Água (Tubulado/Galeria Fechada/via),,20.1067902711,0,0,0.0,
27169,0.91,4.89,1175.0,91,1,61.505979153018565,140.52821828464567,150.87523809974076,0.0,0.0,0.0,0.0,0.0,0.0,0.0,0.0,,Corpo d'Água,,30.6015856133,0,0,0.0,
27215,2.4,2.4,14388.0,240,1,25.959880905603747,70.77152404575217,87.28611436460314,0.0,0.0,0.0,0.0,0.0,0.0,0.0,0.0,,Curso d'Água,,225.9019816,0,0,0.0,
27249,2.23,19.210000000000004,17252.0,223,1,25.54546100084684,70.07398456753054,78.43281566101004,0.001904979415004,0.0,0.0,0.4248104095458984,0.0044843049327354,0.0,0.0,0.0,,Corpo d'Água (Tubulado/Galeria Fechada/via),Caracterizado em vistoria por AG e LF após inúmeras entrevistas com moradores - 19/02/19,316.043080758,0,0,0.0,
27462,0.85,7.459999999999999,4114.0,85,1,50.64939317022071,148.4666709854149,167.41805368056674,0.0,0.0,0.0,0.0,0.0,0.0,0.0,0.0,,Corpo d'Água (Tubulado/Galeria Fechada/via),,48.4421198495,0,0,0.0,
27519,0.53,24.040000000000003,29642.0,53,1,53.153217078034416,111.46290973584054,125.187985249742,0.0,0.0,0.0,0.0,0.0,0.0,0.0,0.0,,Corpo d'Água,,24.8910212614,0,0,0.0,
27929,0.05,3.37,5103.0,5,1,11.36317263701285,19.618733013722004,20.45773746847013,0.0,0.0,0.0,0.0,0.0,0.0,0.0,0.0,,Corpo d'Água (Tubulado/Galeria Fechada),Vistoriado por LF e AG - 19/02/19,12.9186558874,0,0,0.0,
28455,0.02,2.74,6830.0,2,1,4.998072103264848,7.962268729645639,8.291623910354616,0.0,0.0,0.0,0.0,0.0,0.0,0.0,0.0,,Corpo d'Água (Tubulado/Galeria Fechada),Confirmado em vistoria por AG e LF - 19/02/19,16.4939978995,0,0,0.0,
28814,2.72,2.72,28455.0,272,1,54.47865017211715,145.10097785312695,161.55631240960224,0.0,0.0,0.0,0.0,0.0,0.0,0.0,0.0,,Curso d'Água,Confirmada a chegada de água em vistoria,133.157162939,0,0,0.0,
28849,8.870000000000001,8.870000000000001,17361.0,887,1,63.03876187241406,151.11428421544915,210.1729847013617,0.0,0.0,0.0,0.0,0.0,0.0,0.0,0.0,,Curso d'Água,,367.484252941,0,0,0.0,
29008,18.17,471.75,25198.0,1817,1,557.8989963641179,1120.8934579371771,1187.1384749644471,0.0,0.0,0.0,0.0,0.0,0.0,0.0,0.0,Rio Guaxanduva,Corpo d'Água,Trecho largura acima de 10 metros,168.857497272,0,0,0.0,
29298,0.0,2.12,19061.0,0,0,,,,,,,,,,,,,Corpo d'Água,Este trecho necessita confirmação em campo,5.60638337203,0,0,0.0,
29319,0.4,25.37,1134.0,40,1,16.998810222159875,50.02840608448457,68.71189853161555,0.0,0.0,0.0,0.0,0.0,0.0,0.0,0.0,,Corpo d'Água (Tubulado/Galeria Fechada/via),,73.8789310377,0,0,0.0,
29465,62.21,181.12,1105.0,6221,1,569.4790390359984,983.574545343674,1154.853476527729,0.0302529167159349,0.0,0.1797952651977539,2.6846933364868164,0.0580292557466645,0.022986658093554,0.0043401382414402,0.0008037293039704,,Corpo d'Água (Tubulado/Galeria Fechada),,89.5611289372,27,5,2.6846933364868164,MDT superficial × galeria fechada; incerteza subterrânea
29642,0.77,24.81,4306.0,77,1,33.703847984641186,123.07891631755564,135.51371301994175,0.0,0.0,0.0,0.0,0.0,0.0,0.0,0.0,,Corpo d'Água,,94.6887896323,0,0,0.0,
29946,0.45,9.95,11858.0,45,1,114.6403504251508,158.31105009809684,168.37397051082323,0.0,0.0,0.0,0.0,0.0,0.0,0.0,0.0,,Corpo d'Água (Tubulado/Galeria Fechada/via),,12.0378789531,0,0,0.0,
30588,0.45,305.83,11404.0,45,1,99.50472510766288,203.5145108775123,217.30622705962384,0.0,0.0,0.0,0.0,0.0,0.0,0.0,0.0,Rio Guaxanduva,Corpo d'Água (Tubulado/Galeria Fechada/via),,13.3544424026,0,0,0.0,
31166,1.34,23.3,9622.0,134,1,35.13651888632656,101.53267138658973,120.64498107478111,0.0,0.0,0.0,0.0,0.0,0.0,0.0,0.0,,Corpo d'Água,,109.659011122,0,0,0.0,
31322,38.23,294.49,3420.0,3823,1,499.35096852741,827.6012106576591,912.2861112679471,0.0031961183600359,0.0,0.0,0.9141712188720704,0.0075856657075595,0.0023541721161391,0.0,0.0,Rio Guaxanduva,Corpo d'Água,,267.232118913,0,0,0.0,
31571,14.26,328.22,20720.0,1426,1,280.7454150567933,707.4382353177748,802.8293747841577,0.0,0.0,0.0,0.0,0.0,0.0,0.0,0.0,Rio Guaxanduva,Corpo d'Água,,91.8967061292,0,0,0.0,
31634,0.02,2.8300000000000005,13991.0,2,1,8.06756533308533,11.915194539430546,12.342708895691128,0.0,0.0,0.0,0.0,0.0,0.0,0.0,0.0,,Corpo d'Água (Tubulado/Galeria Fechada/via),Este trecho necessita confirmação em campo,6.01216455715,0,0,0.0,
31761,0.25,212.12,32436.0,25,1,59.12267658363004,107.784042668608,116.86837419254242,0.0,0.0,0.0,0.0,0.0,0.0,0.0,0.0,Rio Guaxanduva,Corpo d'Água (Tubulado/Galeria Fechada),,14.0572652275,0,0,0.0,
32075,1.66,114.2,13836.0,166,1,93.98637970769424,162.2285342236735,173.54316570099402,0.0,0.0,0.0,0.0,0.0,0.0,0.0,0.0,,Corpo d'Água (Tubulado/Galeria Fechada),,38.1789303951,0,0,0.0,
32098,0.58,2.98,22275.0,58,1,49.81035281535601,86.37250522461582,89.55364669280522,0.0,0.0,0.0,0.0,0.0,0.0,0.0,0.0,,Corpo d'Água,,19.0290452194,0,0,0.0,
32195,1.58,1.58,4669.0,158,1,50.8314191964615,132.54041880959545,143.9017891662634,0.0,0.0,0.0,0.0,0.0,0.0,0.0,0.0,,Curso d'Água,Vistoriado por LF e AG - 19/02/19,59.0477627928,0,0,0.0,
32436,4.95,217.07,25556.0,495,1,120.4036703161319,414.192165139163,538.2799522060993,0.0,0.0,0.0,0.0,0.0,0.0,0.0,0.0,Rio Guaxanduva,Corpo d'Água (Canal/Galeria Aberta),,101.222363473,0,0,0.0,
32683,1.57,14.310000000000002,15852.0,157,1,24.98391054955993,61.86876649450485,80.45346656389573,0.0,0.0,0.0,0.0,0.0,0.0,0.0,0.0,,Curso d'Água,,164.385200651,0,0,0.0,
32966,12.23,256.26,31322.0,1223,1,277.4021611292113,470.9155831721757,525.3496106418206,9.722253482846676e-05,0.0,0.0,0.0417232513427734,0.0,0.0,0.0,0.0,Rio Guaxanduva,Corpo d'Água (Tubulado/Galeria Fechada/via),Art. 9º LC601/2022,124.408600076,0,0,0.0,
33277,4.78,225.2,13840.0,478,1,308.8977931877906,478.8153548109353,539.5733419725807,0.0,0.0,0.0,0.0,0.0,0.0,0.0,0.0,Rio Guaxanduva,Corpo d'Água (Tubulado/Galeria Fechada/via),,18.04602112,0,0,0.0,
